{
  "title_kind_id": [],
  "title_production_year": [],
  "title_mul_movie_info_idx_movie_id": [
    3.0,
    0.0,
    4.0
  ],
  "title_mul_movie_info_movie_id": [
    1.0,
    6.0,
    5.0,
    7.0,
    8.0,
    4.0,
    9.0,
    10.0,
    12.0,
    11.0,
    2.0,
    13.0,
    14.0,
    15.0,
    16.0,
    17.0,
    3.0,
    18.0,
    19.0,
    20.0,
    21.0,
    22.0,
    23.0,
    0.0,
    24.0,
    25.0,
    26.0,
    27.0,
    28.0,
    29.0,
    30.0,
    31.0,
    32.0,
    33.0,
    34.0,
    35.501465364982636,
    37.0,
    38.49353982300885,
    40.50964205967928,
    42.436808808615446,
    44.448136033089135,
    46.48283829386192,
    48.508744380811635,
    50.52073294653687,
    52.50937369809749,
    55.02286533698344,
    57.5081187221509,
    60.03880308314528,
    62.991607449154614,
    66.05296840958606,
    69.4918042522865,
    73.46717961048329,
    77.41060558518984,
    81.37517760727481,
    85.50914330439733,
    90.03157281176128,
    95.07182264342528,
    100.13007272316213,
    105.43274038298016,
    111.31186267845001,
    117.81232656137587,
    124.9468060003371,
    132.05716348136946,
    138.89608569066533,
    146.6360969177518,
    154.42918858001505,
    162.66578764746703,
    172.3777985074627,
    182.11878237422837,
    191.8164381615401,
    203.56227950176398,
    216.29520388913076,
    230.76474774069595,
    246.54229333727508,
    263.166497766768,
    282.4823969759858,
    307.62823946584194,
    336.4998723233502,
    376.65184381778727,
    443.4622542002562,
    603.8697472651829,
    1095.2008230452675
  ],
  "title_mul_cast_info_movie_id": [
    1.0,
    0.0,
    2.0,
    4.0,
    5.0,
    6.0,
    3.0,
    7.0,
    8.0,
    9.0,
    10.0,
    11.0,
    12.0,
    13.0,
    14.0,
    15.0,
    16.0,
    17.0,
    18.0,
    19.0,
    21.0,
    20.0,
    22.0,
    23.0,
    24.0,
    26.0,
    25.0,
    28.0,
    27.0,
    29.0,
    30.000000000000004,
    31.0,
    32.0,
    33.0,
    34.0,
    35.0,
    36.0,
    37.0,
    38.0,
    39.0,
    40.0,
    41.0,
    42.0,
    43.0,
    44.0,
    45.0,
    46.0,
    47.488127445630084,
    49.503410556602844,
    51.48799480013,
    53.51146355857185,
    55.46418125331515,
    57.46793445276148,
    59.50060775295664,
    61.49594356261022,
    63.4831728001842,
    65.49873174323938,
    67.50080518665692,
    69.50157658657903,
    71.98544887204878,
    74.96384865244491,
    78.02100801105487,
    81.49183423496989,
    85.5140259960921,
    89.5117437997373,
    93.43012937025553,
    97.96368465788355,
    103.40419627884692,
    109.77671124762696,
    116.92026058373925,
    124.43983301584728,
    132.94800723838105,
    142.82052717622557,
    154.43210527472044,
    170.51016623761944,
    193.54111779571937,
    235.18079197276467,
    354.06849723517314
  ],
  "title_mul_movie_keyword_movie_id_nn": [
    1.0,
    0.5,
    0.3333333333333333,
    0.2,
    0.25,
    0.16666666666666666,
    0.1,
    0.14285714285714285,
    0.1111111111111111,
    0.125,
    0.09090909090909091,
    0.08333333333333333,
    0.06666666666666667,
    0.07692307692307693,
    0.07142857142857142,
    0.0625,
    0.05263157894736842,
    0.05,
    0.058823529411764705,
    0.05555555555555555,
    0.047619047619047616,
    0.04,
    0.03333333333333333,
    0.02564102564102564,
    0.020833333333333332,
    0.02040816326530612,
    0.045454545454545456,
    0.041666666666666664,
    0.043478260869565216,
    0.02,
    0.038461538461538464,
    0.036367029714849425,
    0.03335028101081445,
    0.03075478027507548,
    0.029411764705882356,
    0.02817877033055332,
    0.026676621344168622,
    0.02468150675508351,
    0.023524138629035754,
    0.022472067626484238,
    0.021739130434782608,
    0.020481894227829808,
    0.019060534146984595,
    0.01834601147134198,
    0.01770053353484005,
    0.016958286925591922,
    0.016133162612035852,
    0.015389294403892945,
    0.01470918987000135,
    0.014087570075391454,
    0.013428755226761019,
    0.012743182397417382,
    0.012130291900251305,
    0.011566719618745036,
    0.011064460360582862,
    0.01058680402764476,
    0.010104309575139915,
    0.009617296222664015,
    0.009178446067735508,
    0.008768492211227588,
    0.008368808049535603,
    0.007979023982278882,
    0.007600287821550639,
    0.00724898694281855,
    0.0068936210397091465,
    0.0065780394682368095,
    0.006275501682216231,
    0.005970793468095821,
    0.005695313497637595,
    0.005394713181082539,
    0.0051363193768257055,
    0.00487314745038935,
    0.004584344585815499,
    0.004333528766983609,
    0.00404551201011378,
    0.003753999647275201,
    0.003382303581110738,
    0.002736557016306494
  ],
  "title_mul_movie_companies_movie_id": [
    0.0,
    2.0,
    1.0,
    3.0,
    4.0,
    5.0,
    6.0,
    7.0,
    8.0,
    9.0,
    10.0,
    11.0,
    12.0,
    13.0,
    14.0,
    15.0,
    17.0,
    16.0,
    19.0,
    18.0,
    20.0,
    21.0,
    22.0,
    23.0,
    24.0,
    26.0,
    25.0,
    27.0,
    28.0,
    29.0,
    29.999999999999996,
    31.0,
    32.0,
    33.0,
    34.0,
    35.0,
    36.0,
    37.0,
    38.0,
    39.0,
    40.0,
    41.0,
    42.0,
    42.99999999999999,
    44.0,
    44.99999999999999,
    46.55133551222811,
    48.76777706598334,
    52.0527368612475,
    55.63862068965518,
    65.21363332590775
  ],
  "movie_keyword_movie_keyword_nn": [],
  "movie_keyword_keyword_id": []
}