{
  "cast_info_cast_info_nn": [],
  "cast_info_role_id": [],
  "title_kind_id": [],
  "title_production_year": [],
  "title_mul_movie_info_idx_movie_id": [
    0.0,
    3.0,
    4.0
  ],
  "title_mul_movie_info_movie_id": [
    1.0,
    4.0,
    5.0,
    6.0,
    2.0,
    7.0,
    8.0,
    9.0,
    10.0,
    11.0,
    12.0,
    3.0,
    13.0,
    14.0,
    15.0,
    16.0,
    17.0,
    18.0,
    19.0,
    0.0,
    20.0,
    21.0,
    22.0,
    23.0,
    24.0,
    25.0,
    26.0,
    27.0,
    28.0,
    29.0,
    30.0,
    31.0,
    32.0,
    33.0,
    34.0,
    35.0,
    36.0,
    37.0,
    38.0,
    39.0,
    40.0,
    41.0,
    42.0,
    43.49409024745269,
    45.484983945098534,
    47.48442511939554,
    49.52540155534559,
    51.46326611308818,
    53.44182076813655,
    55.97423728813559,
    58.9682119205298,
    61.96047051292311,
    64.91513126491647,
    68.41078869611336,
    72.48827165721062,
    76.89855423632986,
    81.91390845070423,
    87.40829622299192,
    93.51881100266193,
    100.1403711340206,
    106.94080215966063,
    114.91558606661584,
    123.67837789017341,
    132.171490593343,
    141.4148522901798,
    151.6494808126411,
    162.7864768683274,
    175.6315974975769,
    188.72763660057709,
    203.51412844036702,
    219.67449256383878,
    238.2354410916779,
    259.0452238117213,
    282.7685384831725,
    314.80427989773705,
    357.4976871518928,
    428.2992482652274,
    639.3444259567386
  ],
  "title_mul_cast_info_movie_id_nn": [
    0.09090909090909091,
    0.07692307692307693,
    0.125,
    0.08333333333333333,
    0.07142857142857142,
    0.06666666666666667,
    0.1,
    0.1111111111111111,
    0.0625,
    0.058823529411764705,
    0.05263157894736842,
    0.05555555555555555,
    0.14285714285714285,
    0.05,
    0.047619047619047616,
    0.045454545454545456,
    0.043478260869565216,
    0.16666666666666666,
    0.041666666666666664,
    0.04,
    0.038461538461538464,
    0.2,
    0.037037037037037035,
    0.03571428571428571,
    0.034482758620689655,
    0.03225806451612903,
    0.03333333333333333,
    0.25,
    0.03125,
    0.030303030303030304,
    1.0,
    0.5,
    0.3333333333333333,
    0.029411764705882353,
    0.02857142857142857,
    0.027777777777777776,
    0.02702702702702703,
    0.02631578947368421,
    0.02564102564102564,
    0.025,
    0.024390243902439025,
    0.023809523809523808,
    0.023255813953488372,
    0.022727272727272728,
    0.022222222222222223,
    0.021739130434782608,
    0.02127659574468085,
    0.020833333333333332,
    0.02040816326530612,
    0.02,
    0.0196078431372549,
    0.019230769230769232,
    0.018867924528301886,
    0.018518518518518517,
    0.01802329875211,
    0.017394840245186515,
    0.016814541204488796,
    0.016264050316729863,
    0.01575203154877621,
    0.015270983893631232,
    0.014815731339429318,
    0.014394623691784918,
    0.013984599046863489,
    0.013515805394994227,
    0.012998189230768967,
    0.012436203768196308,
    0.01178089799726114,
    0.011117485242827208,
    0.010437731428999055,
    0.009694190114272735,
    0.008871101962183294,
    0.00803142565401158,
    0.0071405356705246375,
    0.006089163264423777,
    0.00459292868927863,
    0.002654581921099286
  ],
  "title_mul_movie_keyword_movie_id": [
    0.0,
    1.0,
    2.0,
    3.0,
    4.0,
    5.0,
    6.0,
    7.0,
    10.0,
    8.0,
    9.0,
    11.0,
    12.0,
    13.0,
    15.0,
    14.0,
    16.0,
    17.0,
    18.0,
    19.0,
    20.0,
    21.0,
    22.0,
    25.0,
    23.0,
    24.0,
    26.0,
    28.0,
    30.0,
    27.0,
    29.0,
    31.0,
    32.0,
    33.0,
    34.0,
    35.0,
    36.0,
    37.0,
    38.0,
    39.0,
    40.0,
    41.0,
    42.0,
    43.0,
    44.0,
    45.525039722238574,
    47.0,
    48.0,
    49.0,
    50.0,
    51.44868325523068,
    53.485553837389105,
    55.459716796875,
    57.45537037037037,
    59.50747642051991,
    61.975868210151376,
    65.01958650707292,
    67.98811208604585,
    70.95939382164367,
    74.47372203755279,
    78.52693873686205,
    82.432335718933,
    87.04176269936389,
    91.91362763915545,
    97.03467525496511,
    101.97591049206532,
    107.080087076077,
    112.69427435814805,
    118.61636237577997,
    124.89457678661937,
    132.043549622497,
    139.7878693623639,
    149.07227227227227,
    158.78643921399265,
    169.7179514941533,
    183.4907127429806,
    198.66135276702343,
    217.16959669079628,
    241.6070700203943,
    278.94771468144046,
    358.0442880794702
  ],
  "title_mul_movie_companies_movie_id": [
    0.0,
    1.0,
    2.0,
    3.0,
    4.0,
    5.0,
    6.0,
    7.0,
    8.0,
    9.0,
    10.0,
    11.0,
    12.0,
    13.0,
    14.0,
    15.0,
    16.0,
    17.0,
    19.0,
    18.0,
    20.0,
    21.0,
    22.0,
    23.0,
    25.0,
    26.0,
    24.0,
    27.0,
    28.0,
    29.0,
    30.0,
    31.0,
    32.0,
    33.0,
    34.0,
    35.0,
    36.0,
    37.0,
    38.0,
    39.0,
    40.0,
    41.0,
    42.0,
    43.59726027397261,
    45.4389901823282,
    47.0,
    48.85536159600997,
    52.60121212121212,
    57.17114568599718,
    69.36007827788652
  ]
}