{
  "title_kind_id": [],
  "title_production_year": [],
  "title_mul_movie_info_idx_movie_id_nn": [
    1.0,
    0.3333333333333333,
    0.25
  ],
  "title_mul_movie_info_movie_id": [
    1.0,
    4.0,
    6.0,
    5.0,
    7.0,
    8.0,
    9.0,
    2.0,
    10.0,
    11.0,
    12.0,
    13.0,
    3.0,
    14.0,
    0.0,
    15.0,
    16.0,
    17.0,
    18.0,
    19.0,
    20.0,
    21.0,
    22.0,
    23.0,
    24.0,
    25.0,
    26.0,
    27.0,
    28.0,
    29.0,
    30.0,
    31.0,
    32.0,
    33.0,
    34.0,
    35.0,
    36.0,
    37.0,
    38.0,
    39.0,
    40.0,
    41.0,
    42.0,
    43.0,
    44.0,
    45.48162230671737,
    47.493430152143844,
    49.50718761518614,
    51.47306601863103,
    53.45506692160612,
    55.48974082073434,
    57.49136939010357,
    59.99025010597711,
    62.98341232227488,
    66.0401737242128,
    69.46896217264792,
    73.50687190764155,
    77.93489707994256,
    83.46692051404092,
    89.42817059483727,
    95.9042669584245,
    103.3543897216274,
    112.22838847385272,
    122.94505494505496,
    134.31250000000003,
    147.89515669515671,
    163.9754004576659,
    183.8378378378379,
    208.18358038768537,
    241.43475750577372,
    288.52570768341997,
    383.3495089543618,
    661.450479233227
  ],
  "title_mul_cast_info_movie_id": [
    1.0,
    0.0,
    2.0,
    4.0,
    5.0,
    3.0,
    6.0,
    7.0,
    8.0,
    9.0,
    10.0,
    11.0,
    12.0,
    13.0,
    14.0,
    15.0,
    16.0,
    17.0,
    18.0,
    19.0,
    20.0,
    21.0,
    22.0,
    23.0,
    24.0,
    25.0,
    26.0,
    27.0,
    28.0,
    29.0,
    30.000000000000004,
    30.999999999999996,
    32.0,
    33.0,
    34.0,
    35.0,
    36.0,
    37.0,
    38.0,
    39.0,
    40.0,
    41.0,
    42.0,
    42.99999999999999,
    44.0,
    45.0,
    46.0,
    47.0,
    48.0,
    49.0,
    50.0,
    51.49632975719932,
    53.50074474027183,
    55.48597394410591,
    57.490047008298994,
    59.48235080058224,
    61.483191602444855,
    63.48168710000771,
    65.48807495741056,
    67.96933151786293,
    70.98011913050203,
    74.46822718460544,
    78.84826472962067,
    84.3631018321261,
    91.63989445039991,
    103.27090073216412,
    124.06255326401906,
    196.18566715542596
  ],
  "title_mul_movie_keyword_movie_id": [
    0.0,
    1.0,
    2.0,
    3.0,
    4.0,
    5.0,
    6.0,
    7.0,
    8.0,
    10.0,
    9.0,
    11.0,
    12.0,
    13.0,
    15.0,
    14.0,
    16.0,
    17.0,
    19.0,
    18.0,
    20.0,
    21.0,
    22.0,
    23.0,
    25.0,
    24.0,
    26.0,
    30.0,
    27.0,
    28.0,
    29.0,
    31.0,
    32.0,
    33.0,
    34.0,
    35.0,
    36.0,
    37.0,
    38.0,
    39.0,
    40.0,
    41.0,
    42.0,
    43.0,
    44.0,
    45.0,
    46.0,
    47.0,
    48.00000000000001,
    49.0,
    50.0,
    51.0,
    52.46750086896073,
    54.5030627871363,
    56.49977688531905,
    58.46338797814207,
    60.45868263473054,
    63.02425629290619,
    65.94992846924177,
    68.95581896551724,
    72.467978042086,
    76.50358126721761,
    80.9717898832685,
    86.01726190476191,
    90.90017931858935,
    96.50058072009293,
    102.87566607460036,
    110.38704225352113,
    118.8480712166172,
    128.44188790560472,
    139.2556026650515,
    152.22255729794932,
    168.57789535567318,
    191.26055488540405,
    223.7957831325302,
    294.05856832971745
  ],
  "title_mul_movie_companies_movie_id": [
    0.0,
    2.0,
    1.0,
    3.0,
    4.0,
    5.0,
    6.0,
    7.0,
    8.0,
    9.0,
    10.0,
    11.0,
    12.0,
    13.0,
    14.0,
    15.0,
    16.0,
    17.0,
    18.0,
    19.0,
    20.0,
    22.0,
    21.0,
    23.0,
    24.0,
    25.0,
    26.0,
    27.0,
    28.0,
    29.0,
    30.0,
    31.0,
    32.0,
    33.0,
    34.0,
    35.0,
    36.0,
    37.0,
    38.0,
    39.0,
    40.0,
    41.0,
    42.0,
    43.578754578754584,
    45.424083769633505,
    47.380645161290325,
    49.83206106870229,
    53.48366013071895,
    59.2047244094488,
    73.66666666666666
  ],
  "movie_info_idx_movie_info_idx_nn": [],
  "movie_info_idx_info_type_id": []
}