{
  "movie_info_movie_info_nn": [],
  "movie_info_info_type_id": [],
  "title_kind_id": [],
  "title_production_year": [],
  "title_mul_movie_info_idx_movie_id": [
    0.0,
    3.0,
    4.0
  ],
  "title_mul_movie_info_movie_id_nn": [
    1.0,
    0.125,
    0.14285714285714285,
    0.16666666666666666,
    0.1111111111111111,
    0.2,
    0.08333333333333333,
    0.25,
    0.1,
    0.09090909090909091,
    0.07692307692307693,
    0.07142857142857142,
    0.06666666666666667,
    0.0625,
    0.058823529411764705,
    0.5,
    0.05555555555555555,
    0.3333333333333333,
    0.05263157894736842,
    0.05,
    0.047619047619047616,
    0.045454545454545456,
    0.043478260869565216,
    0.041666666666666664,
    0.04,
    0.038461538461538464,
    0.037037037037037035,
    0.03571428571428571,
    0.034482758620689655,
    0.03333333333333333,
    0.03225806451612903,
    0.03125,
    0.0303030303030303,
    0.029411764705882353,
    0.028175958349746007,
    0.02669109024136561,
    0.0253199186858106,
    0.024113322155658902,
    0.022983586517936257,
    0.021986891085312835,
    0.02105461245831077,
    0.020199879693265192,
    0.019248883561205063,
    0.01818813337333998,
    0.01725065127091501,
    0.016397582159502353,
    0.015528435146301714,
    0.01462655181314483,
    0.013802524639264903,
    0.013084041658901546,
    0.012356422456461682,
    0.011631645282496914,
    0.010932669185737934,
    0.010283894041291186,
    0.009727494053474556,
    0.009219885887249481,
    0.00870583312481351,
    0.008198355992294988,
    0.007754561107831172,
    0.007361034439721279,
    0.006973834883542853,
    0.006640133505424725,
    0.006304287248393809,
    0.005995181664682751,
    0.005662181255905415,
    0.005394134902048554,
    0.005145757135996121,
    0.004884976804383377,
    0.004650293843513187,
    0.004415394346150867,
    0.004181051007718745,
    0.0039722212709900175,
    0.0037757523357188115,
    0.0035909302578811266,
    0.003398730535454034,
    0.0031827748941651696,
    0.0029906102953689384,
    0.0027902215627652526,
    0.0025867935283244094,
    0.0023399286247026553,
    0.0020841765665239346,
    0.0017786844281348524,
    0.0014308758191218201,
    0.0008157772366974458
  ],
  "title_mul_cast_info_movie_id": [
    1.0,
    0.0,
    4.0,
    5.0,
    6.0,
    7.0,
    8.0,
    2.0,
    9.0,
    3.0,
    10.0,
    11.0,
    12.0,
    13.0,
    14.0,
    15.0,
    16.0,
    17.0,
    18.0,
    19.0,
    20.0,
    21.0,
    22.0,
    23.0,
    24.0,
    25.0,
    26.0,
    27.0,
    28.0,
    29.0,
    30.0,
    31.0,
    32.0,
    33.0,
    34.0,
    35.0,
    36.0,
    37.0,
    38.0,
    39.0,
    40.0,
    41.0,
    42.0,
    43.0,
    44.0,
    45.0,
    46.4961345489331,
    48.49717422074683,
    50.48517475567334,
    52.48966634504283,
    54.479275522203494,
    56.50576793191949,
    58.49932441081512,
    60.505217808956886,
    62.470441865137616,
    64.46944559781923,
    66.48964856570102,
    68.96629821850692,
    71.94779341106951,
    74.9498750855306,
    78.02420812964574,
    81.45674231275657,
    85.5087174820857,
    89.44179578863728,
    93.92646642344279,
    99.39365850434552,
    105.55248051701199,
    111.99909297052154,
    119.36231257458107,
    127.16636945920376,
    136.38450101870373,
    147.11078545191555,
    159.23190720041114,
    176.05403157198222,
    199.25009900616672,
    239.84676499728943,
    359.38858382077916
  ],
  "title_mul_movie_keyword_movie_id": [
    0.0,
    1.0,
    2.0,
    3.0,
    4.0,
    5.0,
    6.0,
    7.0,
    10.0,
    8.0,
    9.0,
    11.0,
    12.0,
    13.0,
    14.0,
    15.0,
    16.0,
    19.0,
    20.0,
    18.0,
    17.0,
    21.0,
    22.0,
    24.0,
    23.0,
    25.0,
    30.0,
    26.0,
    27.0,
    28.0,
    29.978276135462682,
    32.52642931694306,
    34.51512826660273,
    36.50992289552477,
    38.50326900769799,
    40.49564979480164,
    42.518477043673016,
    44.48807148175727,
    46.49979221498822,
    48.48436971290248,
    50.49060791875919,
    52.48694077159935,
    54.504053281307804,
    56.49588576067303,
    58.97799196787148,
    61.97622299261127,
    65.00551464728571,
    67.93909841096638,
    70.99977230589079,
    73.91289327575569,
    76.9466130431354,
    79.98244176013807,
    83.44671955403086,
    87.6478897802581,
    91.45613272476999,
    96.05202037351444,
    100.90210865426856,
    105.50533978640854,
    109.76633431085045,
    114.49332644792246,
    119.21183280242408,
    123.88753359520364,
    128.71166448230667,
    133.7792260199346,
    140.12704982655313,
    146.36974407582937,
    152.61143807574206,
    158.858734346861,
    166.08086294610413,
    173.60456387289398,
    184.0201680672269,
    193.76327509421034,
    204.508114374034,
    218.89606669516883,
    235.37771926795588,
    259.0919017675051,
    295.07153228561674,
    369.90925722649087
  ],
  "title_mul_movie_companies_movie_id": [
    2.0,
    0.0,
    1.0,
    3.0,
    4.0,
    5.0,
    6.0,
    7.0,
    8.0,
    9.0,
    10.0,
    11.0,
    12.0,
    13.0,
    14.0,
    15.0,
    17.0,
    16.0,
    18.0,
    19.0,
    20.0,
    22.0,
    21.0,
    26.0,
    25.0,
    23.0,
    24.0,
    27.0,
    28.0,
    29.0,
    29.999999999999996,
    31.0,
    32.0,
    33.0,
    34.0,
    35.0,
    36.0,
    37.0,
    38.0,
    39.0,
    40.0,
    41.0,
    42.0,
    43.0,
    44.0,
    45.449999999999996,
    47.0,
    48.95335725269093,
    52.048948106591865,
    54.62213976499691,
    59.53206757362834,
    71.17483480176212
  ]
}