{
  "title_kind_id": [],
  "title_production_year": [],
  "title_mul_movie_info_idx_movie_id": [
    0.0,
    3.0,
    4.0
  ],
  "title_mul_movie_info_movie_id": [
    1.0,
    6.0,
    7.0,
    8.0,
    5.0,
    4.0,
    9.0,
    10.0,
    12.0,
    11.0,
    2.0,
    13.0,
    14.0,
    3.0,
    0.0,
    15.0,
    16.0,
    17.0,
    18.0,
    19.0,
    20.0,
    21.0,
    22.0,
    23.0,
    24.0,
    25.0,
    26.0,
    27.0,
    28.0,
    29.0,
    30.0,
    31.0,
    32.0,
    33.0,
    34.0,
    35.0,
    36.0,
    37.0,
    38.0,
    39.48966026587887,
    41.48709381004093,
    43.50347506132461,
    45.48686416992733,
    47.51836933968022,
    49.528194516295905,
    51.46544097318219,
    53.44346130773846,
    55.99181490778129,
    58.971130519165456,
    61.95544739797828,
    64.92743466199444,
    67.90119485294119,
    71.55219384413884,
    75.5191678660212,
    79.5592466261308,
    84.05407255304586,
    89.04529063897301,
    94.03996473699677,
    99.57882822902795,
    105.39803474793506,
    111.86809858185325,
    119.62996814845589,
    127.40396703450205,
    134.90370142835204,
    142.9297399941572,
    151.14948847152235,
    160.0994639666468,
    170.12920046349944,
    180.7858329557469,
    190.8631709587341,
    203.1788509821297,
    216.4016788434634,
    232.12016081000596,
    249.92431366600943,
    269.83195798949725,
    293.5820687519356,
    325.69253407682777,
    365.3390168970815,
    432.9842654619097,
    597.3582414168092,
    1138.947967479675
  ],
  "title_mul_cast_info_movie_id": [
    1.0,
    0.0,
    2.0,
    4.0,
    5.0,
    3.0,
    6.0,
    7.0,
    8.0,
    9.0,
    10.0,
    11.0,
    12.0,
    13.0,
    14.0,
    15.0,
    16.0,
    17.0,
    18.0,
    19.0,
    20.0,
    21.0,
    22.0,
    23.0,
    24.0,
    25.0,
    26.0,
    27.0,
    28.0,
    29.0,
    29.999999999999996,
    31.000000000000004,
    32.0,
    33.0,
    34.0,
    35.0,
    36.0,
    37.0,
    38.0,
    39.0,
    40.0,
    41.0,
    42.0,
    43.0,
    44.0,
    45.0,
    46.0,
    47.0,
    48.0,
    49.0,
    50.0,
    51.50626183639807,
    53.508631592260016,
    55.48000830823554,
    57.492178007290406,
    59.48335160058959,
    61.4931792649655,
    63.48421377546521,
    65.50483707946285,
    67.50157745293933,
    69.48015176397304,
    71.95538243626062,
    74.99075155763241,
    77.98769537745261,
    81.42662291047073,
    85.95836480362539,
    91.4340272577505,
    97.92372098080791,
    105.84269124227572,
    115.9779528420592,
    127.10032857466577,
    142.09826881057765,
    163.56228616299288,
    204.72224742034246,
    315.2745004757379
  ],
  "title_mul_movie_keyword_movie_id": [
    0.0,
    1.0,
    2.0,
    3.0,
    4.0,
    5.0,
    6.0,
    7.0,
    10.0,
    8.0,
    9.0,
    11.0,
    12.0,
    13.0,
    15.0,
    14.0,
    16.0,
    19.0,
    17.0,
    18.0,
    20.0,
    21.0,
    22.0,
    25.0,
    24.0,
    23.0,
    26.0,
    30.0,
    28.0,
    27.0,
    28.999999999999996,
    30.999999999999996,
    32.0,
    33.0,
    34.0,
    35.0,
    36.0,
    37.0,
    38.51165967411454,
    40.49522756957701,
    42.5128549303046,
    44.50972967287262,
    46.49370252860302,
    48.0,
    49.0,
    50.0,
    51.46747271560025,
    53.48984607424654,
    55.46753588831818,
    57.4702786377709,
    59.509245562130175,
    61.96979398663697,
    65.01280890153964,
    68.00044437861058,
    70.99163783160324,
    73.94401473296502,
    76.94927668925106,
    80.44686179370795,
    84.4751598622725,
    88.639205955335,
    92.46797482413922,
    97.00271478760779,
    102.08202038924931,
    107.11551508659169,
    112.1346475729961,
    117.46350129198964,
    122.98868694362017,
    129.1472574534673,
    135.63867363488916,
    143.20548947849954,
    150.54520734194426,
    158.76676332004348,
    167.4132615156018,
    177.3420201294033,
    190.42249825052485,
    204.3843358168272,
    222.97995991983964,
    246.40018674136323,
    280.2669419936174,
    357.39417905726054
  ],
  "title_mul_movie_companies_movie_id_nn": [
    1.0,
    0.5,
    0.3333333333333333,
    0.25,
    0.2,
    0.16666666666666666,
    0.14285714285714285,
    0.125,
    0.1111111111111111,
    0.1,
    0.09090909090909091,
    0.08333333333333333,
    0.07692307692307693,
    0.07142857142857142,
    0.06666666666666667,
    0.0625,
    0.058823529411764705,
    0.05263157894736842,
    0.05555555555555555,
    0.05,
    0.045454545454545456,
    0.047619047619047616,
    0.043478260869565216,
    0.038461538461538464,
    0.041666666666666664,
    0.04,
    0.037037037037037035,
    0.034482758620689655,
    0.03571428571428571,
    0.03333333333333333,
    0.03225806451612903,
    0.03125,
    0.030303030303030307,
    0.029411764705882353,
    0.02857142857142857,
    0.027777777777777776,
    0.02702702702702703,
    0.02631578947368421,
    0.02564102564102564,
    0.025,
    0.024390243902439025,
    0.023809523809523808,
    0.023255813953488372,
    0.022727272727272728,
    0.022222222222222223,
    0.0214888718342287,
    0.020630372492836675,
    0.019649495485926715,
    0.018691588785046728,
    0.017728531855955677,
    0.01606145251396648,
    0.013196480938416424
  ],
  "movie_companies_movie_companies_nn": [],
  "movie_companies_company_id": [],
  "movie_companies_company_type_id": []
}